Sample	Tank.ID	Timepoint	Antibiotics	Temperature	Pathogen	Sex	Weight.g	Weight.mg	Length.mm	Body.Size	Mortality	Total.Worm.Count	Flagged	notes	fecal.sample.number	gut.sample.number	adultworm.count	larvalworm.count	notes.dissection	PLATE	WELL
f1	1	0	0	0	0	M	0.37	370	32	1.129150391	0	0			f1	g1				P1	B1
f2	1	0	0	0	0	F	0.61	610	37	1.204272205	0	0	0		f2	g2				P1	C1
f3	1	0	0	0	0	M	0.29	290	33	0.806967749	0	0	0		f3	g3				P1	D1
f4	1	14	0	0	0	F	0.46	460	32.5	1.340009103	0	0	0		f4	g4				P1	B10
f5	1	14	0	0	0	F	0.34	340	33	0.94610012	0	0	0		f5	g5				P1	C10
f6	1	14	0	0	0	M	0.49	490	37	0.967366197	0	0	0		f6	g6				P1	D10
f7	1	18	0	0	0	M	0.4	400	33	1.113058964	0	0	0		f7	g7			"Not very full gut, mushy gut"	P2	D7
f8	1	18	0	0	0	F	0.61	610	38	1.111678087	0	0	0		f8	g8				P2	E7
f9	1	18	0	0	0	M	0.29	290	32	0.885009766	0	0	0		f9	g9			Not very full gut	P2	F7
f10	1	25	0	0	0	M	0.41	410	34	1.043150824	0	0	0		f10	g10				P3	F4
f11	1	25	0	0	0	F	0.45	450	34	1.144921636	0	0	0		f11	g11				P3	G4
f12	1	25	0	0	0	M	0.41	410	35	0.956268222	0	0	0		f12	g12				P3	H4
f13	1	29	0	0	0	M	0.43	430	34	1.09403623	0	0	0		f13	g13				P5	C4
f14	1	29	0	0	0	F	0.59	590	36	1.26457476	0	0	0		f14	g14				P5	D4
f15	1	29	0	0	0	M	0.36	360	33	1.001753068	0	0	0		f15	g15				P5	E4
f16	1	60	0	0	0	M	0.36	360	31	1.20841865	0	0	0		f16	g16				P4	H1
f17	1	60	0	0	0	F	0.47	470	35	1.096209913	0	0	0		f17	g17				P4	A2
f18	1	60	0	0	0	F	0.51	510	35	1.189504373	0	0	0		f18	g18			In tube 80	P4	B2
f19	1	60	0	0	0	F	0.46	460	36	0.985939643	0	0	0		f19	g19				P4	C2
f20	1	60	0	0	0	M	0.3	300	30	1.111111111	0	0	0		f20	g20				P4	D2
f21	1	60	0	0	0	F	0.61	610	37	1.204272205	0	0	0		f21	g21				P6	E1
f22	1	60	0	0	0	M	0.52	520	34	1.323020558	0	0	0		f22	g22				P6	F1
f23	1	60	0	0	0	F		0		#DIV/0!	0	0	0	"Fecal sample, no weight, gut sample confirm"	f23	g23				P6	G1
f24	1	60	0	0	0	M	0.47	470	36	1.007373114	0	0	0		f24	g24				P6	H1
f25	1	60	0	0	0	M	0.4	400	35	0.932944606	0	0	0		f25	g25				P6	A2
f26	1	60	0	0	0		0.5	500	36	1.071673525	0	0	0	"Fecal sample, weight, no gut sample"	f26	g26				P6	B2
f27	1	60	0	0	0	M	0.61	610	39	1.028338306	0	0	0		f27	g27				P6	C2
f28	1	60	0	0	0	M	0.39	390	34	0.992265418	0	0	0		f28	g28				P6	D2
f29	1	60	0	0	0	M	0.39	390	33	1.08523249	0	0	1	"maybe fish 83, fish jumped into fish 29's tank. Same treatment"	f29	g29				P6	E2
f30	1	60	0	0	0	M	0.42	420	34	1.068593527	0	0	0		f30	g30				P6	F2
f31	2	0	0	0	0	F	0.54	540	36	1.157407407	0	0	0		f31	g31				P1	E1
f32	2	0	0	0	0	M	0.3	300	32	0.915527344	0	0	0		f32	g32				P1	F1
f33	2	0	0	0	0	F	0.65	650	38	1.184575011	0	0	0		f33	g33				P1	G1
f34	2	14	0	0	0	F	0.49	490	35	1.142857143	0	0	0		f34	g34				P1	E10
f35	2	14	0	0	0	M	0.42	420	34	1.068593527	0	0	0		f35	g35				P1	F10
f36	2	14	0	0	0	M	0.38	380	34	0.966822715	0	0	0		f36	g36				P1	G10
f37	2	18	0	0	0	M	0.41	410	34	1.043150824	0	0	0		f37	g37			Mushy gut	P2	G7
f38	2	18	0	0	0	F	0.48	480	36	1.028806584	0	0	0		f38	g38				P2	H7
f39	2	18	0	0	0	F	0.56	560	38	1.020556932	0	0	0		f39	g39				P2	A8
f40	2	25	0	0	0	F	0.52	520	36	1.114540466	0	0	0		f40	g40				P3	A5
f41	2	25	0	0	0	F	0.42	420	35	0.979591837	0	0	0		f41	g41				P3	B5
f42	2	25	0	0	0	F	0.34	340	34	0.865051903	0	0	0		f42	g42				P3	C5
f43	2	29	0	0	0	F	0.46	460	35	1.072886297	0	0	0		f43	g43			No Food	P5	F4
f44	2	29	0	0	0	F	0.55	550	37	1.085819201	0	0	0		f44	g44				P5	G4
f45	2	29	0	0	0	F	0.68	680	37	1.342467376	0	0	0		f45	g45				P5	H4
f46	2	60	0	0	0	F	0.84	840	40	1.3125	0	0	0		f46	g46				P4	E2
f47	2	60	0	0	0	F	0.9	900	41	1.305842922	0	0	0		f47	g47				P4	F2
f48	2	60	0	0	0	M	0.34	340	35	0.793002915	0	0	0		f48	g48				P4	G2
f49	2	60	0	0	0	F	0.7	700	39	1.180060352	0	0	0		f49	g49				P4	H2
f50	2	60	0	0	0	F	0.69	690	40	1.078125	0	0	0		f50	g50				P4	A3
f51	2	60	0	0	0	F	0.42	420	34	1.068593527	0	0	0		f51	g51				P6	G2
f61	3	0	0	0	0	M	0.47	470	35	1.096209913	0	0	0		f61	g61				P1	H1
f62	3	0	0	0	0	M	0.3	300	33	0.834794223	0	0	0		f62	g62				P1	A2
f63	3	0	0	0	0	F	0.42	420	35	0.979591837	0	0	0		f63	g63				P1	B2
f64	3	14	0	0	0	M	0.39	390	35	0.909620991	0	0	0		f64	g64			Not a lot of food	P1	H10
f65	3	14	0	0	0	M	0.35	350		#DIV/0!	0	0	0	bad tail no length	f65	g65				P1	A11
f66	3	14	0	0	0	M	0.49	490	37	0.967366197	0	0	0		f66	g66				P1	B11
f67	3	18	0	0	0	M	0.39	390	35	0.909620991	0	0	0		f67	g67			"Empty, almost liquid gut"	P2	B8
f68	3	18	0	0	0	M	0.44	440	34.5	1.071507934	0	0	0		f68	g68				P2	C8
f69	3	18	0	0	0	F	0.61	610	37	1.204272205	0	0	0		f69	g69				P2	D8
f70	3	25	0	0	0	F	0.91	910	42	1.228269085	0	0	0		f70	g70				P3	D5
f71	3	25	0	0	0	M	0.44	440	37	0.868655361	0	0	0		f71	g71				P3	E5
f72	3	25	0	0	0	F	0.54	540	35	1.259475219	0	0	0		f72	g72				P3	F5
f73	3	29	0	0	0	M	0.4	400	34	1.017708121	0	0	0		f73	g73				P5	A5
f74	3	29	0	0	0	M	0.33	330	33	0.918273646	0	0	0		f74	g74				P5	B5
f75	3	29	0	0	0	F	0.34	340	34	0.865051903	0	0	0		f75	g75				P5	C5
f76	3	60	0	0	0	M	0.46	460	36	0.985939643	0	0	0		f76	g76			Guts full of fish eggs	P4	B3
f77	3	60	0	0	0	M	0.51	510	37	1.006850532	0	0	0		f77	g77				P4	C3
f78	3	60	0	0	0	M	0.42	420	34	1.068593527	0	0	0		f78	g78			No Gut	P4	D3
f79	3	60	0	0	0	M	0.44	440	35	1.026239067	0	0	0		f79	g79				P4	E3
f80	3	60	0	0	0	F	0.54	540	31	1.812627975	0	0	0		f80	g80			In tube 18	P4	F3
f81	3	60	0	0	0	M	0.36	360	34	0.915937309	0	0	0		f81	g81				P6	H2
f82	3	60	0	0	0	F	0.56	560	36	1.200274348	0	0	0		f82	g82				P6	A3
f83	3	60	0	0	0	F	0.47	470	34	1.195807043	0	0	1	"Maybe fish.id 29, fish jumped into another tank. Same treatment"	f83	g83				P6	B3
f84	3	60	0	0	0	M	0.59	590	39	0.994622296	0	0	0		f84	g84				P6	C3
f85	3	60	0	0	0	F	0.41	410	35	0.956268222	0	0	0		f85	g85				P6	D3
f86	3	60	0	0	0	M	0.41	410	33	1.140885438	0	0	0		f86	g86				P6	E3
f87	3	60	0	0	0	F	0.51	510	34	1.297577855	0	0	0		f87	g87				P6	F3
f88	3	60	0	0	0	F	0.7	700	39	1.180060352	0	0	0		f88	g88				P6	G3
f89	3	60	0	0	0	F	0.51	510	36	1.093106996	0	0	0		f89	g89				P6	H3
f90	3	60	0	0	0	F	0.47	470	35.5	1.050540497	0	0	0		f90	g90				P6	A4
f91	4	0	0	0	1		0.42	420	34	1.068593527	0	0	0	"Length: 40, Weight: .67g. Info filled in is for a different fish. Notes are for f91."	f91	g91				P1	C2
f92	4	0	0	0	1	M	0.32	320	31	1.074149911	0	0	0		f92	g92				P1	D2
f93	4	0	0	0	1	M		0		#DIV/0!	0	0	0	"Fecal sample, no weight, gut sample confirm"	f93	g93				P1	E2
f94	4	14	0	0	1	F	0.5	500	57.5	0.263006493	0	0	0		f94	g94				P1	C11
f95	4	14	0	0	1	F	0.44	440	35	1.026239067	0	0	0		f95	g95				P1	D11
f96	4	14	0	0	1	M	0.41	410	34	1.043150824	0	0	0		f96	g96				P1	E11
f97	4	18	0	0	1	F	0.65	650	37	1.283240874	0	0	0		f97	g97			1/2 full	P2	E8
f98	4	18	0	0	1	M	0.43	430	35.5	0.961132796	0	0	0		f98	g98				P2	F8
f99	4	18	0	0	1	M	0.42	420	35	0.979591837	0	0	0		f99	g99			Not very full gut	P2	G8
f100	4	25	0	0	1	F	0.39	390	35	0.909620991	0	0	0		f100	g100				P3	G5
f101	4	25	0	0	1	M	0.44	440	36	0.943072702	0	0	0		f101	g101				P3	H5
f102	4	25	0	0	1	F	0.49	490	36	1.050240055	0	0	0		f102	g102				P3	A6
f103	4	29	0	0	1	M	0.42	420	35	0.979591837	0	0	0		f103	g103				P5	D5
f104	4	29	0	0	1	M	0.32	320	33	0.890447171	0	0	0		f104	g104				P5	E5
f105	4	29	0	0	1	M	0.45	450	36	0.964506173	0	0	0		f105	g105			Full Gut	P5	F5
f106	4	60	0	0	1	F	0.31	310	32	0.946044922	0	3	0		f106	g106	3	0	3 Worms	P4	G3
f107	4	60	0	0	1	M	0.34	340	34	0.865051903	0	0	0		f107	g107				P4	H3
f108	4	60	0	0	1	F	0.55	550	38	1.002332702	0	1	0		f108	g108	1	0	1 Worm	P4	A4
f109	4	60	0	0	1	M	0.37	370	34	0.941380012	0	5	0		f109	g109	5	0	5 Worms	P4	B4
f110	4	60	0	0	1	M	0.38	380	34	0.966822715	0	0	0		f110	g110				P4	C4
f111	4	60	0	0	1	F	0.59	590	37	1.16478787	0	2	0		f111	g111	2	0	2 Worms	P6	B4
f112	4	60	0	0	1	M	0.46	460	36	0.985939643	0	2	0		f112	g112	2	0	2 Worms	P6	C4
f113	4	60	0	0	1		0.54	540	36	1.157407407	0	4	0	"Fecal sample, weight, no gut sample"	f113	g113	4	0	4 Worms	P6	D4
f114	4	60	0	0	1	M	0.36	360	34	0.915937309	0	5	0		f114	g114	5	0	5 Worms	P6	E4
f115	4	60	0	0	1	F	0.3	300	30	1.111111111	0	1	0		f115	g115	1	0	1 Worm	P6	F4
f116	4	60	0	0	1		0.39	390	34.5	0.949745669	0	3	0	"Fecal sample, weight, no gut sample"	f116	g116	3	0	3 Worms	P6	G4
f117	4	60	0	0	1	M	0.43	430	36	0.921639232	0	2	0		f117	g117	2	0	2 Worms	P6	H4
f118	4	60	0	0	1	F	0.28	280	31	0.939881172	0	34	0		f118	g118	34	0	34 Worms	P6	A5
f119	4	60	0	0	1	F	0.43	430	35	1.002915452	0	8	0		f119	g119	8	0	8 Worms	P6	B5
f121	5	0	0	0	1	F	0.57	570	36	1.221707819	0	0	0		f121	g121				P1	F2
f122	5	0	0	0	1	M	0.38	380	34	0.966822715	0	0	0		f122	g122			Partial Light	P1	G2
f123	5	0	0	0	1	M	0.39	390	34	0.992265418	0	0	0		f123	g123				P1	H2
f124	5	14	0	0	1	F	0.49	490	36	1.050240055	0	0	0	Length: 34.5 Weight: 0.46 (Mystery fish?)	f124	g124				P1	F11
f125	5	14	0	0	1	F	0.36	360	33	1.001753068	0	0	0		f125	g125				P1	G11
f126	5	14	0	0	1	F	0.64	640	40	1	0	0	0		f126	g126				P1	H11
f127	5	18	0	0	1	F	0.47	470	35	1.096209913	0	0	0		f127	g127				P2	H8
f128	5	18	0	0	1	F	0.71	710	39	1.196918357	0	0	0		f128	g128			Full	P2	A9
f129	5	18	0	0	1	F	0.48	480	34	1.221249746	0	0	0		f129	g129			1/2 Full gut	P2	B9
f130	5	25	0	0	1		0.41	410	34	1.043150824	0	0	0	"Fecal sample, weight, no gut sample"	f130	g130				P3	B6
f131	5	25	0	0	1	F	0.65	650	37	1.283240874	0	0	0		f131	g131				P3	C6
f132	5	25	0	0	1	M	0.38	380	34	0.966822715	0	0	0		f132	g132				P3	D6
f133	5	29	0	0	1	F	0.45	450	35	1.049562682	0	0	0		f133	g133				P5	G5
f134	5	29	0	0	1	M	0.37	370	32	1.129150391	0	0	0		f134	g134				P5	H5
f135	5	29	0	0	1	M	0.48	480	36	1.028806584	0	0	0		f135	g135				P5	A6
f138	5	60	0	0	1			0		#DIV/0!	0	0	0	"Fecal sample, no weight, no gut sample"	f138	g138				P4	D4
f139	5	60	0	0	1	F	0.4	400	34	1.017708121	0	2	0		f139	g139	2	0	2 Worms	P4	E4
f140	5	60	0	0	1	M	0.42	420	35	0.979591837	0	2	0		f140	g140	2	0	2 Worms	P4	F4
f141	5	60	0	0	1	F	0.46	460	34	1.17036434	0	7	0		f141	g141	7	0	7 Worms	P6	C5
f142	5	60	0	0	1	F	0.7	700	40	1.09375	0	0	0		f142	g142				P6	D5
f143	5	60	0	0	1	M	0.5	500	35	1.166180758	0	1	0		f143	g143	1	0	1 Worm	P6	E5
f144	5	60	0	0	1	M	0.4	400	35	0.932944606	0	2	0		f144	g144	2	0	2 Worms	P6	F5
f145	5	60	0	0	1	M	0.34	340	34	0.865051903	0	4	0		f145	g145	4	0	4 Worms	P6	G5
f146	5	60	0	0	1	F	0.63	630	37	1.24375654	0	0	0		f146	g146				P6	H5
f147	5	60	0	0	1		0.57	570	37	1.125303536	0	5	0	"Fecal sample, weight, no gut sample"	f147	g147	5	0	5 Worms	P6	A6
f151	6	0	0	0	1	F	0.5	500	35	1.166180758	0	0	0		f151	g151				P1	A3
f152	6	0	0	0	1	F	0.56	560	36	1.200274348	0	0	0		f152	g152				P1	B3
f153	6	0	0	0	1	F	0.41	410	34	1.043150824	0	0	0		f153	g153				P1	C3
f154	6	14	0	0	1	F	0.38	380	35	0.886297376	0	0	0		f154	g154				P1	A12
f155	6	14	0	0	1	M	0.38	380	35	0.886297376	0	0	0		f155	g155			Not a lot of food	P1	B12
f156	6	14	0	0	1	M	0.47	470	37	0.927881863	0	0	0		f156	g156			Not a lot of food	P1	C12
f157	6	18	0	0	1	M	0.39	390	34	0.992265418	0	0	0		f157	g157			Not very full gut	P2	C9
f158	6	18	0	0	1	F	0.56	560	38	1.020556932	0	0	0		f158	g158				P2	D9
f159	6	18	0	0	1	F	0.96	960	40	1.5	0	0	0		f159	g159				P2	E9
f160	6	25	0	0	1	M	0.42	420	35	0.979591837	0	0	0		f160	g160				P3	E6
f161	6	25	0	0	1	F	0.55	550	38	1.002332702	0	0	0		f161	g161				P3	F6
f162	6	25	0	0	1	M	0.48	480	37	0.94762403	0	0	0		f162	g162				P3	G6
f163	6	29	0	0	1	F	0.58	580	36	1.243141289	0	0	0		f163	g163				P5	B6
f164	6	29	0	0	1	F	0.55	550	37	1.085819201	0	0	0		f164	g164				P5	C6
f165	6	29	0	0	1	F	0.48	480	35	1.119533528	0	0	0		f165	g165				P5	D6
f166	6	60	0	0	1	M	0.35	350	34	0.890494606	0	1	0		f166	g166	0	1	1 Larvae	P4	G4
f167	6	60	0	0	1	M	0.47	470	36	1.007373114	0	2	0		f167	g167	2	0	2 Worms	P4	H4
f168	6	60	0	0	1	M	0.48	480	35	1.119533528	0	16	0		f168	g168	16	0	16 Worms	P4	A5
f169	6	60	0	0	1	F	0.63	630	39	1.062054316	0	8	0		f169	g169	8	0	8 Worms	P4	B5
f170	6	60	0	0	1	M	0.55	550	37	1.085819201	0	2	0		f170	g170	2	0	2 Worms	P4	C5
f171	6	60	0	0	1	M	0.45	450	34	1.144921636	0	26	0		f171	g171	26	0	26 Worms	P6	B6
f172	6	60	0	0	1	M	0.49	490	36	1.050240055	0	3	0		f172	g172	3	0	3 Worms	P6	C6
f173	6	60	0	0	1	F	0.2	200	29	0.820041822	0	2	0		f173	g173	2	0	2 Worms	P6	D6
f174	6	60	0	0	1	M	0.39	390	35	0.909620991	0	3	0		f174	g174	3	0	3 Worms	P6	E6
f175	6	60	0	0	1	F	0.45	450	34	1.144921636	0	1	0		f175	g175	1	0	1 Worm	P6	F6
f176	6	60	0	0	1	M	0.54	540	36	1.157407407	0	5	0		f176	g176	5	0	5 Worms	P6	G6
f177	6	60	0	0	1	M	0.37	370	34	0.941380012	0	0	0		f177	g177				P6	H6
f178	6	60	0	0	1	M	0.5	500	35	1.166180758	0	5	0		f178	g178	5	0	5 Worms	P6	A7
f181	7	0	0	1	0	M	0.35	350	34	0.890494606	0	0	0		f181	g181				P1	D3
f182	7	0	0	1	0	F	0.52	520	37	1.026592699	0	0	0		f182	g182				P1	E3
f183	7	0	0	1	0	M	0.26	260	30	0.962962963	0	0	0		f183	g183				P1	F3
f184	7	14	0	1	0	M	0.36	360	34	0.915937309	0	0	0		f184	g184				P1	D12
f185	7	14	0	1	0	F	0.47	470	34	1.195807043	0	0	0		f185	g185				P1	E12
f186	7	14	0	1	0	M		0		#DIV/0!	0	0	0	"Fecal sample, no weight, gut sample confirm"	f186	g186				P1	F12
f187	7	18	0	1	0	M	0.45	450	36	0.964506173	0	0	0		f187	g187			Full Gut	P2	F9
f188	7	18	0	1	0	F	0.49	490	36	1.050240055	0	0	0		f188	g188			1/2 Full gut	P2	G9
f189	7	18	0	1	0	F	0.38	380	31.5	1.215771435	0	0	0		f189	g189			Not very full gut	P2	H9
f190	7	25	0	1	0	F	0.4	400	34	1.017708121	0	0	0		f190	g190				P3	H6
f191	7	25	0	1	0	F	0.54	540	36	1.157407407	0	0	0		f191	g191				P3	A7
f192	7	25	0	1	0	M	0.32	320	33	0.890447171	0	0	0		f192	g192				P3	B7
f193	7	29	0	1	0	M	0.37	370	33	1.029579542	0	0	0		f193	g193				P5	E6
f194	7	29	0	1	0	F	0.55	550	39	0.927190276	0	0	0		f194	g194				P5	F6
f195	7	29	0	1	0	F	0.6	600	35	1.39941691	0	0	0		f195	g195				P5	G6
f196	7	60	0	1	0	F	0.28	280	34	0.712395685	0	0	0		f196	g196				P4	D5
f197	7	60	0	1	0	M	0.5	500	35	1.166180758	0	0	0		f197	g197				P4	E5
f198	7	60	0	1	0	F	0.56	560	36	1.200274348	0	0	0		f198	g198				P4	F5
f199	7	60	0	1	0	M	0.45	450	36	0.964506173	0	0	0		f199	g199				P4	G5
f200	7	60	0	1	0	F	0.3	300	34	0.763281091	0	0	0		f200	g200				P4	H5
f201	7	60	0	1	0	F	0.52	520	36	1.114540466	0	0	0		f201	g201				P6	B7
f202	7	60	0	1	0	F	0.47	470	35	1.096209913	0	0	0		f202	g202				P6	C7
f203	7	60	0	1	0	M	0.37	370	33	1.029579542	0	0	0		f203	g203				P6	D7
f204	7	60	0	1	0	M	0.44	440	34	1.119478933	0	0	0		f204	g204				P6	E7
f205	7	60	0	1	0	F	0.64	640	39	1.078912322	0	0	0		f205	g205				P6	F7
f211	8	0	0	1	0	M	0.39	390	34	0.992265418	0	0	0		f211	g211				P1	G3
f212	8	0	0	1	0	M	0.4	400	34	1.017708121	0	0	0		f212	g212				P1	H3
f213	8	0	0	1	0	F	0.46	460	34	1.17036434	0	0	0		f213	g213				P1	A4
f214	8	14	0	1	0	F	0.56	560	37	1.105561369	0	0	0		f214	g214				P1	G12
f215	8	14	0	1	0	M	0.42	420	35.5	0.93878087	0	0	0		f215	g215			"Not a lot of food, tube g275"	P2	B1
f216	8	14	0	1	0	F	0.41	410	32	1.251220703	0	0	0		f216	g216				P2	C1
f217	8	18	0	1	0	M	0.37	370	33.5	0.984163611	0	0	0		f217	g217				P2	A10
f218	8	18	0	1	0	F	0.51	510	36.5	1.048797353	0	0	0		f218	g218				P2	B10
f219	8	18	0	1	0	F	0.57	570	35	1.329446064	0	0	0		f219	g219				P2	C10
f220	8	25	0	1	0	M	0.39	390	36	0.83590535	0	0	0		f220	g220				P3	C7
f221	8	25	0	1	0	F	0.53	530	36	1.135973937	0	0	0		f221	g221				P3	D7
f222	8	25	0	1	0	NA	0.54	540	37	1.066077034	0	0	0	"Fecal sample, weight, gut sample, no sex"	f222	g222			Sex undetermined	P3	E7
f223	8	29	0	1	0	M	0.35	350	33	0.973926594	0	0	0		f223	g223			Minimal Gut Material	P5	H6
f224	8	29	0	1	0	M	0.31	310	33.5	0.824569512	0	0	0		f224	g224			Minimal Gut Material	P5	A7
f225	8	29	0	1	0	M	0.39	390	55.5	0.228131711	0	0	0		f225	g225				P5	B7
f226	8	60	0	1	0	F	0.52	520	35	1.212827988	0	0	0		f226	g226				P4	A6
f227	8	60	0	1	0	M	0.37	370	33	1.029579542	0	0	0		f227	g227			"No Gut, Liver Only"	P4	B6
f228	8	60	0	1	0	F	0.51	510	34	1.297577855	0	0	0		f228	g228				P4	C6
f229	8	60	0	1	0	M	0.46	460	35	1.072886297	0	0	0		f229	g229				P4	D6
f230	8	60	0	1	0	F	0.57	570	38	1.038781163	0	0	0		f230	g230				P4	E6
f231	8	60	0	1	0	M	0.42	420	34	1.068593527	0	0	0		f231	g231				P6	G7
f232	8	60	0	1	0	F	0.62	620	36	1.328875171	0	0	0		f232	g232				P6	H7
f233	8	60	0	1	0	F	0.49	490	36	1.050240055	0	0	0		f233	g233				P6	A8
f241	9	0	0	1	0	M	0.45	450	36	0.964506173	0	0	0		f241	g241				P1	B4
f242	9	0	0	1	0	M	0.35	350	33	0.973926594	0	0	0		f242	g242				P1	C4
f243	9	0	0	1	0	F	0.56	560	37	1.105561369	0	0	0		f243	g243				P1	D4
f244	9	14	0	1	0	M	0.4	400	34	1.017708121	0	0	0		f244	g244				P2	D1
f245	9	14	0	1	0	M	0.43	430	35	1.002915452	0	0	0		f245	g245				P2	E1
f246	9	14	0	1	0	F		0		#DIV/0!	0	0	0	"Fecal sample, no weight, gut sample confirm"	f246	g246				P2	F1
f247	9	18	0	1	0	M	0.45	450	36	0.964506173	0	0	0		f247	g247				P2	D10
f248	9	18	0	1	0	M	0.37	370	37	0.73046019	0	0	0		f248	g248				P2	E10
f249	9	18	0	1	0	M	0.31	310	32	0.946044922	0	0	0		f249	g249				P2	F10
f250	9	25	0	1	0	M	0.39	390	35	0.909620991	0	0	0		f250	g250				P3	F7
f251	9	25	0	1	0	F	0.35	350	33	0.973926594	0	0	1	"2 fish in one cup,might have swapped 251 with 461. Different treatment"	f251	g251				P3	G7
f252	9	25	0	1	0	M	0.34	340	35	0.793002915	0	0	0		f252	g252				P3	H7
f253	9	29	0	1	0	F	0.52	520	36	1.114540466	0	0	0		f253	g253				P5	C7
f254	9	29	0	1	0	F	0.5	500	37	0.987108365	0	0	0		f254	g254			Switched Tubes with 374	P5	D7
f255	9	29	0	1	0	M	0.47	470	35	1.096209913	0	0	0		f255	g255				P5	E7
f256	9	60	0	1	0	F	0.39	390	33	1.08523249	0	0	0		f256	g256				P4	F6
f257	9	60	0	1	0	M	0.41	410	34	1.043150824	0	0	0		f257	g257			Half Gut	P4	G6
f258	9	60	0	1	0	M	0.44	440	34	1.119478933	0	0	0		f258	g258				P4	H6
f259	9	60	0	1	0	F	0.41	410	31	1.376254574	0	0	0		f259	g259				P4	A7
f260	9	60	0	1	0	F		0	38	0	0	0	0	"Fecal sample, no weight"	f260	g260				P4	B7
f261	9	60	0	1	0	F	0.59	590	38	1.075229625	0	0	0		f261	g261				P6	B8
f262	9	60	0	1	0	F	0.38	380	32	1.159667969	0	0	0		f262	g262				P6	C8
f263	9	60	0	1	0	F	0.44	440	33	1.224364861	0	0	0		f263	g263				P6	D8
f271	10	0	0	1	1	F	0.31	310	31	1.040582726	0	0	0		f271	g271				P1	E4
f272	10	0	0	1	1	F	0.33	330	33	0.918273646	0	0	0		f272	g272				P1	F4
f273	10	0	0	1	1	M	0.35	350	34	0.890494606	0	0	0		f273	g273			Not a lot of food	P1	G4
f274	10	14	0	1	1	M	0.34	340	33	0.94610012	0	0	0		f274	g274			Not a lot of food	P2	G1
f275	10	14	0	1	1	M	0.33	330	33	0.918273646	0	0	0		f275	g275				P2	H1
f276	10	14	0	1	1	F	0.49	490	35	1.142857143	0	0	0	Length: 38 Weight: 0.56 (Mystery fish?)	f276	g276				P2	A2
f277	10	18	0	1	1	F	0.42	420	35	0.979591837	0	0	0		f277	g277				P2	G10
f278	10	18	0	1	1	F	0.68	680	37	1.342467376	0	0	0		f278	g278				P2	H10
f279	10	18	0	1	1	M	0.27	270	31	0.906313987	0	0	0		f279	g279			1/2 Full gut	P2	A11
f280	10	25	0	1	1	M	0.36	360	35	0.839650146	0	0	0		f280	g280				P3	A8
f281	10	25	0	1	1	F	0.57	570	36	1.221707819	0	0	0		f281	g281				P3	B8
f282	10	25	0	1	1	M	0.39	390	35	0.909620991	0	0	0		f282	g282				P3	C8
f283	10	29	0	1	1	M	0.35	350	33	0.973926594	0	0	0		f283	g283				P5	F7
f284	10	29	0	1	1	M	0.5	500	38	0.911211547	0	0	0		f284	g284				P5	G7
f285	10	29	0	1	1	F	0.4	400	35	0.932944606	0	0	0		f285	g285				P5	H7
f286	10	60	0	1	1	M	0.36	360	35	0.839650146	0	4	0	81?	f286	g286	4	0	4 Worms	P4	C7
f287	10	60	0	1	1	F	0.57	570	39	0.960906286	0	15	0		f287	g287	15	0	15 Worms	P4	D7
f288	10	60	0	1	1	F	0.43	430	36	0.921639232	0	0	0		f288	g288				P4	E7
f289	10	60	0	1	1	M	0.38	380	35	0.886297376	0	0	0		f289	g289				P4	F7
f290	10	60	0	1	1	F	0.43	430	35	1.002915452	0	4	0		f290	g290	4	0	4 Worms	P4	G7
f291	10	60	0	1	1	M	0.39	390	35	0.909620991	0	1	0		f291	g291	1	0	1 Worm	P6	E8
f301	11	0	0	1	1	M	0.35	350	35	0.816326531	0	0	0		f301	g301				P1	H4
f302	11	0	0	1	1	M	0.29	290	34	0.737838388	0	0	0		f302	g302				P1	A5
f303	11	0	0	1	1	F	0.36	360	32	1.098632813	0	0	0		f303	g303				P1	B5
f304	11	14	0	1	1	F	0.35	350	32	1.068115234	0	0	0		f304	g304				P2	B2
f305	11	14	0	1	1	M	0.32	320	32	0.9765625	0	0	0		f305	g305				P2	C2
f306	11	14	0	1	1	M	0.4	400	34	1.017708121	0	0	0		f306	g306				P2	D2
f307	11	18	0	1	1	M	0.39	390	31	1.309120204	0	0	0		f307	g307			Full Gut	P2	B11
f308	11	18	0	1	1	F	0.56	560	36	1.200274348	0	0	0		f308	g308			Full Gut	P2	C11
f309	11	18	0	1	1	F	0.71	710	38	1.293920397	0	0	0		f309	g309			Full Gut	P2	D11
f310	11	25	0	1	1	F	0.53	530	36	1.135973937	0	0	0		f310	g310				P3	D8
f311	11	25	0	1	1	M	0.5	500	37	0.987108365	0	0	0		f311	g311			Full of food	P3	E8
f312	11	25	0	1	1	M	0.37	370	35	0.862973761	0	0	0		f312	g312			Full of food	P3	F8
f313	11	29	0	1	1	F	0.49	490	36	1.050240055	0	0	0		f313	g313				P5	A8
f314	11	29	0	1	1	M	0.36	360	33	1.001753068	0	0	0		f314	g314				P5	B8
f315	11	29	0	1	1	M	0.35	350	34	0.890494606	0	0	0		f315	g315				P5	C8
f316	11	60	0	1	1	M	0.35	350	34	0.890494606	0	0	0		f316	g316				P4	H7
f317	11	60	0	1	1	F	0.58	580	38	1.057005394	0	0	0		f317	g317				P4	A8
f318	11	60	0	1	1	M	0.42	420	35	0.979591837	0	0	0		f318	g318				P4	B8
f319	11	60	0	1	1	F	0.46	460	34	1.17036434	0	2	0		f319	g319	2	0	2 Worms	P4	C8
f320	11	60	0	1	1	NA	0.46	460	35	1.072886297	0	0	0	"Fecal sample, weight, no sex"	f320	g320			Sex not written	P4	D8
f321	11	60	0	1	1	F	0.56	560	36	1.200274348	0	0	0		f321	g321				P6	F8
f322	11	60	0	1	1	F	0.51	510	38	0.929435778	0	0	0		f322	g322				P6	G8
f323	11	60	0	1	1	F	0.33	330	32	1.007080078	0	2	0		f323	g323	2	0	2 Worms	P6	H8
f324	11	60	0	1	1	M	0.31	310	32	0.946044922	0	0	0		f324	g324				P6	A9
f325	11	60	0	1	1	M	0.44	440	31	1.476956128	0	2	0		f325	g325	2	0	2 Worms	P6	B9
f326	11	60	0	1	1	F	0.54	540	36	1.157407407	0	4	0		f326	g326	4	0	5 Worms	P6	C9
f327	11	60	0	1	1	M	0.35	350	33	0.973926594	0	2	0		f327	g327	2	0	2 Worms	P6	D9
f328	11	60	0	1	1	F	0.43	430	34	1.09403623	0	2	0		f328	g328	2	0	2 Worms	P6	E9
f329	11	60	0	1	1	M	0.12	120	29	0.492025093	0	0	0		f329	g329				P6	F9
f330	11	60	0	1	1	M	0.4	400	34	1.017708121	0	0	0		f330	g330				P6	G9
f331	12	0	0	1	1	M	0.36	360	34	0.915937309	0	0	0		f331	g331				P1	C5
f332	12	0	0	1	1	F	0.38	380	33.5	1.010762627	0	0	0		f332	g332				P1	D5
f333	12	0	0	1	1	F	0.42	420	33	1.168711913	0	0	0		f333	g333				P1	E5
f334	12	14	0	1	1	M	0.38	380	34	0.966822715	0	0	0		f334	g334				P2	E2
f335	12	14	0	1	1	F	0.65	650	38	1.184575011	0	0	0		f335	g335				P2	F2
f336	12	14	0	1	1	F	0.69	690	37	1.362209543	0	0	0		f336	g336				P2	G2
f337	12	18	0	1	1	F	0.34	340	32	1.037597656	0	0	0		f337	g337			Full Gut	P2	E11
f338	12	18	0	1	1	M	0.34	340	33.5	0.904366561	0	0	0		f338	g338			Full Gut	P2	F11
f339	12	18	0	1	1	F	0.52	520	35	1.212827988	0	0	0		f339	g339				P2	G11
f340	12	25	0	1	1	F	0.33	330	31	1.107717096	0	0	0		f340	g340			Full of food	P3	G8
f341	12	25	0	1	1	M	0.46	460	36	0.985939643	0	0	0		f341	g341			Full of food	P3	H8
f342	12	25	0	1	1	F	0.64	640	38	1.16635078	0	0	0		f342	g342				P3	A9
f343	12	29	0	1	1	F	0.44	440	34	1.119478933	0	0	0		f343	g343				P5	D8
f344	12	29	0	1	1	F	0.54	540	39	0.910332271	0	0	0		f344	g344				P5	E8
f345	12	29	0	1	1	F	0.22	220	29	0.902046004	0	0	0		f345	g345				P5	F8
f346	12	60	0	1	1	F	0.42	420	36	0.900205761	0	2	0		f346	g346	0	2	2 Larvae	P4	E8
f347	12	60	0	1	1	M	0.31	310	33	0.862620697	0	3	0		f347	g347	3	0	3 Worms	P4	F8
f348	12	60	0	1	1	M	0.23	230	34	0.58518217	0	14	0		f348	g348	14	0	14 Worms	P4	G8
f349	12	60	0	1	1	M	0.41	410	36	0.878772291	0	6	0		f349	g349	6	0	6 Worms	P4	H8
f350	12	60	0	1	1	F	0.57	570	36	1.221707819	0	13	0		f350	g350	13	0	13 Worms	P4	A9
f351	12	60	0	1	1	F	0.6	600	38	1.093453856	0	4	0		f351	g351	4	0	4 Worms	P6	H9
f352	12	60	0	1	1	M	0.4	400	35	0.932944606	0	12	0		f352	g352	12	0	12 Worms	P6	A10
f353	12	60	0	1	1	M	0.41	410	34	1.043150824	0	6	0		f353	g353	6	0	6 Worms	P6	B10
f354	12	60	0	1	1	M	0.46	460	32	1.403808594	0	2	0		f354	g354	2	0	2 Worms	P6	C10
f355	12	60	0	1	1	M	0.45	450	35	1.049562682	0	15	0		f355	g355	15	0	15 Worms	P6	D10
f356	12	60	0	1	1	M	0.39	390	34	0.992265418	0	6	0		f356	g356	6	0	6 Worms	P6	E10
f361	13	0	1	0	0	F	0.39	390	35	0.909620991	0	0	0		f361	g361				P1	F5
f362	13	0	1	0	0	M	0.34	340	33	0.94610012	0	0	0		f362	g362				P1	G5
f363	13	0	1	0	0	F	0.59	590	37	1.16478787	0	0	0		f363	g363				P1	H5
f364	13	14	1	0	0	M		0		#DIV/0!	0	0	0	"No weight, gut sample confirmed"	f364	g364			Not a lot of food	P2	H2
f365	13	14	1	0	0	F	0.33	330	31.5	1.055801509	0	0	0		f365	g365				P2	A3
f366	13	14	1	0	0	M	0.4	400	35	0.932944606	0	0	0		f366	g366				P2	B3
f367	13	18	1	0	0	M	0.46	460	56	0.261935131	0	0	0		f367	g367			Not very full gut	P2	H11
f368	13	18	1	0	0	M	0.38	380	34	0.966822715	0	0	0		f368	g368				P2	A12
f369	13	18	1	0	0	M	0.45	450	36	0.964506173	0	0	0		f369	g369			"1/2 Full gut, mushy"	P2	B12
f370	13	25	1	0	0	M	0.41	410	34.5	0.998450575	0	0	0		f370	g370				P3	B9
f371	13	25	1	0	0		0.62	620	38	1.129902318	0	0	0	"Fecal sample, weight, no gut sample"	f371	g371				P3	C9
f372	13	25	1	0	0	F	0.52	520	37	1.026592699	0	0	0		f372	g372				P3	D9
f373	13	29	1	0	0	F	0.44	440	33	1.224364861	0	0	0		f373	g373				P5	G8
f374	13	29	1	0	0	F	0.55	550	36	1.178840878	0	0	0		f374	g374			Switched Tubes with 254	P5	H8
f375	13	29	1	0	0	F	0.45	450	34	1.144921636	0	0	0		f375	g375				P5	A9
f376	13	60	1	0	0	F	0.86	860	37	1.697826387	0	0	0		f376	g376				P4	B9
f377	13	60	1	0	0	F	0.65	650	36	1.393175583	0	0	0		f377	g377				P4	C9
f378	13	60	1	0	0	F	0.75	750	39	1.264350377	0	0	0		f378	g378				P4	D9
f379	13	60	1	0	0	F	0.62	620	36	1.328875171	0	0	0		f379	g379				P4	E9
f380	13	60	1	0	0	F	0.25	250	35	0.583090379	0	0	0		f380	g380				P4	F9
f381	13	60	1	0	0	M	0.36	360	32	1.098632813	0	0	0		f381	g381				P6	F10
f391	14	0	1	0	0	M	0.34	340	32	1.037597656	0	0	0		f391	g391				P1	A6
f392	14	0	1	0	0	F	0.42	420	34	1.068593527	0	0	0		f392	g392			Sex Unkown	P1	B6
f393	14	0	1	0	0		0.56	560	35	1.306122449	0	0	0	"Fecal sample, weight, no gut sample"	f393	g393				P1	C6
f394	14	14	1	0	0	M	0.36	360	34	0.915937309	0	0	0		f394	g394				P2	C3
f395	14	14	1	0	0	M	0.35	350	35	0.816326531	0	0	0		f395	g395				P2	D3
f396	14	14	1	0	0	F	0.73	730	39	1.230634367	0	0	0		f396	g396				P2	E3
f397	14	18	1	0	0	F	0.43	430	35	1.002915452	0	0	0		f397	g397			Full Gut	P2	C12
f398	14	18	1	0	0	M	0.38	380	34	0.966822715	0	0	0		f398	g398			1/2 Full gut	P2	D12
f399	14	18	1	0	0	M	0.39	390	33	1.08523249	0	0	0		f399	g399			Full Gut	P2	E12
f400	14	25	1	0	0	M	0.44	440	37	0.868655361	0	0	0		f400	g400				P3	E9
f401	14	25	1	0	0		0.68	680	38	1.239247704	0	0	0	"Fecal sample, weight, no gut sample"	f401	g401				P3	F9
f402	14	25	1	0	0	M	0.42	420	36	0.900205761	0	0	0		f402	g402				P3	G9
f403	14	29	1	0	0	M	0.47	470	36	1.007373114	0	0	0		f403	g403				P5	B9
f404	14	29	1	0	0	F	0.59	590	36	1.26457476	0	0	0		f404	g404				P5	C9
f405	14	29	1	0	0	F	0.57	570	38	1.038781163	0	0	0		f405	g405				P5	D9
f406	14	60	1	0	0	F	0.61	610	39	1.028338306	0	0	0		f406	g406				P4	G9
f407	14	60	1	0	0	F	0.65	650	39	1.095770327	0	0	0		f407	g407				P4	H9
f408	14	60	1	0	0	F	0.68	680	38	1.239247704	0	0	0		f408	g408				P4	A10
f409	14	60	1	0	0	M	0.47	470	36	1.007373114	0	0	0		f409	g409				P4	B10
f410	14	60	1	0	0	F	0.7	700	39	1.180060352	0	0	0		f410	g410			Swapped with 440	P4	C10
f411	14	60	1	0	0	F	0.73	730	39	1.230634367	0	0	0		f411	g411				P6	G10
f412	14	60	1	0	0	F	0.56	560	36	1.200274348	0	0	0		f412	g412				P6	H10
f413	14	60	1	0	0	M	0.49	490	36	1.050240055	0	0	0		f413	g413				P6	A11
f414	14	60	1	0	0	F	0.62	620	38	1.129902318	0	0	0		f414	g414				P6	B11
f415	14	60	1	0	0	M	0.48	480	36	1.028806584	0	0	0		f415	g415				P6	C11
f416	14	60	1	0	0	F	0.66	660	37	1.302983041	0	0	0		f416	g416				P6	D11
f421	15	0	1	0	0	M	0.41	410	33	1.140885438	0	0	0		f421	g421				P1	D6
f422	15	0	1	0	0		0.69	690	40	1.078125	0	0	0	"Fecal sample, weight, no gut sample"	f422	g422				P1	E6
f423	15	0	1	0	0	F	0.48	480	34	1.221249746	0	0	0		f423	g423				P1	F6
f424	15	14	1	0	0	M		0		#DIV/0!	0	0	0	"Fecal sample, no weight, gut sample confirm"	f424	g424				P2	F3
f425	15	14	1	0	0	F	0.5	500	36.5	1.028232699	0	0	0		f425	g425				P2	G3
f426	15	14	1	0	0	M	0.37	370	34	0.941380012	0	0	0		f426	g426				P2	H3
f427	15	18	1	0	0	M	0.45	450	36	0.964506173	0	0	0		f427	g427			1/2 Full gut	P2	F12
f428	15	18	1	0	0	M	0.41	410	35	0.956268222	0	0	0		f428	g428			Full Gut	P2	G12
f429	15	18	1	0	0	M	0.36	360	32	1.098632813	0	0	0		f429	g429			Empty Gut	P3	B1
f430	15	25	1	0	0	F	0.68	680	40	1.0625	0	0	0		f430	g430				P3	H9
f431	15	25	1	0	0	M	0.42	420	36	0.900205761	0	0	0		f431	g431				P3	A10
f432	15	25	1	0	0		0.36	360	34	0.915937309	0	0	0	"Fecal sample, weight, no gut sample"	f432	g432				P3	B10
f433	15	29	1	0	0	M	0.49	490	36	1.050240055	0	0	0		f433	g433				P5	E9
f434	15	29	1	0	0	F	0.57	570	35	1.329446064	0	0	0		f434	g434				P5	F9
f435	15	29	1	0	0	M	0.39	390	33	1.08523249	0	0	0		f435	g435				P5	G9
f436	15	60	1	0	0	M	0.55	550	36	1.178840878	0	0	0		f436	g436				P4	D10
f437	15	60	1	0	0	M	0.39	390	36	0.83590535	0	0	0		f437	g437				P4	E10
f438	15	60	1	0	0	M	0.43	430	35	1.002915452	0	0	0		f438	g438				P4	F10
f439	15	60	1	0	0	M	0.52	520	36	1.114540466	0	0	0		f439	g439				P4	G10
f440	15	60	1	0	0	F	0.69	690	39	1.163202347	0	0	0		f440	g440			Swapped with 410	P4	H10
f441	15	60	1	0	0	F	0.6	600	37	1.184530038	0	0	0		f441	g441			441a Fish ID	P6	E11
f442	15	60	1	0	0	F	0.72	720	39	1.213776362	0	0	0		f442	g442				P6	F11
f443	15	60	1	0	0	F	0.39	390	32	1.190185547	0	0	0		f443	g443				P6	G11
f444	15	60	1	0	0	F	0.48	480	34	1.221249746	0	0	0		f444	g444				P6	H11
f445	15	60	1	0	0	F	0.47	470	35	1.096209913	0	0	0		f445	g445				P6	A12
f446	15	60	1	0	0	M	0.47	470	35	1.096209913	0	0	0		f446	g446				P6	B12
f447	15	60	1	0	0	F	0.91	910	35	2.12244898	0	0	0		f447	g447				P6	C12
f448	15	60	1	0	0	M		0		#DIV/0!	0	0	0	"Fecal sample, no weight, gut sample confirm"	f448	g448				P6	D12
f449	15	60	1	0	0	F	0.37	370	33	1.029579542	0	0	0		f449	g449				P6	E12
f451	16	0	1	0	1	F	0.36	360	32	1.098632813	0	0	0		f451	g451				P1	G6
f452	16	0	1	0	1	M	0.33	330	32	1.007080078	0	0	0		f452	g452				P1	H6
f453	16	0	1	0	1	F	0.59	590	36	1.26457476	0	0	0		f453	g453				P1	A7
f454	16	14	1	0	1	F	0.45	450	34	1.144921636	0	0	0		f454	g454				P2	A4
f455	16	14	1	0	1	F	0.55	550	36	1.178840878	0	0	0		f455	g455				P2	B4
f456	16	14	1	0	1	F	0.6	600	36	1.28600823	0	0	0		f456	g456				P2	C4
f457	16	18	1	0	1	M	0.39	390	32	1.190185547	0	0	0		f457	g457			Not very full gut	P3	C1
f458	16	18	1	0	1	F	0.42	420	34	1.068593527	0	0	0		f458	g458				P3	D1
f459	16	18	1	0	1	F	0.66	660	37	1.302983041	0	0	0		f459	g459				P3	E1
f460	16	25	1	0	1	F	0.85	850	41	1.233296093	0	0	0		f460	g460				P3	C10
f461	16	25	1	0	1	M	0.33	330	38	0.601399621	0	0	1	"2 fish in one cup,might have swapped 461 with 251. Diff treatment"	f461	g461				P3	D10
f462	16	25	1	0	1	M	0.4	400	34	1.017708121	0	0	0		f462	g462				P3	E10
f463	16	29	1	0	1		0.43	430	35	1.002915452	0	0	0	"Fecal sample, weight, no gut sample"	f463	g463			Sex Undetermined	P5	H9
f464	16	29	1	0	1	M	0.36	360	34	0.915937309	0	0	0		f464	g464				P5	A10
f465	16	29	1	0	1	M	0.41	410	35	0.956268222	0	0	0		f465	g465				P5	B10
f466	16	60	1	0	1	F	0.39	390	35	0.909620991	0	0	0		f466	g466				P4	A11
f467	16	60	1	0	1	F	0.45	450	34	1.144921636	0	1	0		f467	g467	1	0	1 Worm	P4	B11
f468	16	60	1	0	1	M	0.42	420	35	0.979591837	0	2	0		f468	g468	2	0	2 Worms	P4	C11
f469	16	60	1	0	1	F	0.42	420	34	1.068593527	0	0	0		f469	g469				P4	D11
f470	16	60	1	0	1	M	0.3	300	34	0.763281091	0	1	0		f470	g470	1	0	1 Worm	P4	E11
f471	16	60	1	0	1	M	0.44	440	34	1.119478933	0	1	0		f471	g471	1	0	1 Worm	P6	F12
f472	16	60	1	0	1	F	0.44	440	32	1.342773438	0	0	0		f472	g472				P6	G12
f473	16	60	1	0	1	M	0.46	460	35	1.072886297	0	1	0		f473	g473	1	0	1 Worm	P7	B1
f474	16	60	1	0	1	F	0.42	420	34	1.068593527	0	0	0		f474	g474				P7	C1
f475	16	60	1	0	1	M	0.47	470	37	0.927881863	0	0	0		f475	g475				P7	D1
f476	16	60	1	0	1	M	0.48	480	36	1.028806584	0	3	0		f476	g476	3	0	3 Worms	P7	E1
f477	16	60	1	0	1	M	0.38	380	34	0.966822715	0	2	0		f477	g477	2	0	2 Worms	P7	F1
f478	16	60	1	0	1	F	0.67	670	37	1.322725209	0	0	0		f478	g478				P7	G1
f479	16	60	1	0	1	M	0.52	520	36	1.114540466	0	2	0		f479	g479	2	0	2 Worms	P7	H1
f481	17	0	1	0	1	F	0.47	470	35	1.096209913	0	0	0		f481	g481				P1	B7
f482	17	0	1	0	1	F	0.4	400	33	1.113058964	0	0	0		f482	g482				P1	C7
f483	17	0	1	0	1	F	0.37	370	33	1.029579542	0	0	0		f483	g483				P1	D7
f484	17	14	1	0	1		0.41	410	35	0.956268222	0	0	0	"Fecal sample, weight, no gut sample"	f484	g484			Sex Undetermined	P2	D4
f485	17	14	1	0	1	F	0.62	620	39	1.045196311	0	0	0	"Length: 34	 Weight: 0.35 (Mystery fish?)"	f485	g485				P2	E4
f486	17	14	1	0	1	F	0.38	380	34	0.966822715	0	0	0		f486	g486				P2	F4
f487	17	18	1	0	1	F	0.58	580	36	1.243141289	0	0	0		f487	g487			Empty Gut	P3	F1
f488	17	18	1	0	1	M	0.36	360	32	1.098632813	0	0	0		f488	g488			Empty Gut	P3	G1
f489	17	18	1	0	1	M	0.49	490	35	1.142857143	0	0	0		f489	g489			"Almost Empty, Disintegrated"	P3	H1
f490	17	25	1	0	1	M	0.38	380	34	0.966822715	0	0	0		f490	g490				P3	F10
f491	17	25	1	0	1	F	0.65	650	37	1.283240874	0	0	0		f491	g491				P3	G10
f492	17	25	1	0	1	M	0.39	390	35	0.909620991	0	0	0		f492	g492				P3	H10
f493	17	29	1	0	1	M	0.33	330	33	0.918273646	0	0	0		f493	g493				P5	C10
f494	17	29	1	0	1	M	0.32	320	33	0.890447171	0	0	0		f494	g494				P5	D10
f495	17	29	1	0	1	M	0.36	360	35	0.839650146	0	0	0		f495	g495				P5	E10
f496	17	60	1	0	1	M	0.16	160	30	0.592592593	0	0	0		f496	g496				P4	F11
f497	17	60	1	0	1	M	0.49	490	36	1.050240055	0	3	0		f497	g497	3	0	3 Worms	P4	G11
f498	17	60	1	0	1	F	0.31	310	35	0.72303207	0	11	0		f498	g498	11	0	11 worms	P4	H11
f499	17	60	1	0	1	F	0.5	500	37	0.987108365	0	0	0		f499	g499				P4	A12
f500	17	60	1	0	1	F	0.57	570	39	0.960906286	0	0	0		f500	g500				P4	B12
f501	17	60	1	0	1	F	0.63	630	39	1.062054316	0	1	0		f501	g501	1	0	1 Worm	P7	A2
f502	17	60	1	0	1	M	0.43	430	35	1.002915452	0	0	0		f502	g502				P7	B2
f503	17	60	1	0	1	M	0.48	480	36	1.028806584	0	1	0		f503	g503	1	0	1 Worm	P7	C2
f504	17	60	1	0	1	M	0.45	450	37	0.888397528	0	7	0		f504	g504	7	0	7 Worms	P7	D2
f505	17	60	1	0	1	F	0.54	540	35	1.259475219	0	3	0		f505	g505	3	0	3 Worms	P7	E2
f506	17	60	1	0	1	F	0.56	560	39	0.944048281	0	1	0		f506	g506	1	0	1 Worm	P7	F2
f507	17	60	1	0	1	F	0.52	520	40	0.8125	0	0	0		f507	g507				P7	G2
f508	17	60	1	0	1	M	0.51	510	35	1.189504373	0	2	0		f508	g508	2	0	2 Worms	P7	H2
f511	18	0	1	0	1	F	0.37	370	34	0.941380012	0	0	0		f511	g511				P1	E7
f512	18	0	1	0	1	F	0.37	370	32	1.129150391	0	0	0		f512	g512				P1	F7
f513	18	0	1	0	1	M	0.32	320	32	0.9765625	0	0	0		f513	g513				P1	G7
f514	18	14	1	0	1	F	0.43	430	34	1.09403623	0	0	0		f514	g514			Not a lot of food	P2	G4
f515	18	14	1	0	1	F	0.4	400	36	0.85733882	0	0	0		f515	g515				P2	H4
f516	18	14	1	0	1	F	0.45	450	34	1.144921636	0	0	0		f516	g516				P2	A5
f517	18	18	1	0	1	M	0.33	330	32.5	0.961310878	0	0	0		f517	g517			Full Gut	P3	A2
f518	18	18	1	0	1	M	0.34	340	33	0.94610012	0	0	0		f518	g518			1/2 Full gut	P3	B2
f519	18	18	1	0	1	F	0.37	370	33	1.029579542	0	0	0		f519	g519			Full Gut	P3	C2
f520	18	25	1	0	1	F	0.54	540	36	1.157407407	0	0	0		f520	g520				P3	A11
f521	18	25	1	0	1	F	0.49	490	35	1.142857143	0	0	0		f521	g521				P3	B11
f522	18	25	1	0	1		0.35	350	35	0.816326531	0	0	0	"Fecal sample, weight, no gut sample"	f522	g522				P3	C11
f523	18	29	1	0	1	M	0.4	400	34	1.017708121	0	0	0		f523	g523				P5	F10
f524	18	29	1	0	1	F	0.65	650	38	1.184575011	0	0	0		f524	g524				P5	G10
f525	18	29	1	0	1	M	0.41	410	35	0.956268222	0	0	0		f525	g525				P5	H10
f526	18	60	1	0	1	F	0.4	400	34	1.017708121	0	0	0		f526	g526				P4	C12
f527	18	60	1	0	1	M	0.44	440	30	1.62962963	0	0	0		f527	g527				P4	D12
f528	18	60	1	0	1	M	0.51	510	35	1.189504373	0	1	0		f528	g528	1	0	1 Worm	P4	E12
f529	18	60	1	0	1	M	0.31	310	35	0.72303207	0	0	0		f529	g529				P4	F12
f530	18	60	1	0	1			0	38	0	NA	0	0	"Fecal sample, no weight, no gut sample"	f530	g530				P4	G12
f531	18	60	1	0	1	M	0.33	330	32	1.007080078	0	0	0		f531	g531				P7	A3
f532	18	60	1	0	1	M	0.39	390	35	0.909620991	0	1	0		f532	g532	1	0	1 Worm	P7	B3
f533	18	60	1	0	1	F	0.44	440	37	0.868655361	0	1	0		f533	g533	1	0	1 Worm	P7	C3
f541	19	0	1	1	0	M	0.42	420	34	1.068593527	0	0	0		f541	g541				P1	H7
f542	19	0	1	1	0	M	0.57	570	38	1.038781163	0	0	0		f542	g542				P1	A8
f543	19	0	1	1	0	F	0.42	420	35	0.979591837	0	0	0		f543	g543				P1	B8
f544	19	14	1	1	0	F	0.46	460	34	1.17036434	0	0	0		f544	g544				P2	B5
f545	19	14	1	1	0	F	0.74	740	39	1.247492372	0	0	0		f545	g545				P2	C5
f546	19	14	1	1	0	F	0.55	550	35	1.282798834	0	0	0		f546	g546				P2	D5
f547	19	18	1	1	0	M	0.33	330	33	0.918273646	0	0	0		f547	g547			Full Gut	P3	D2
f548	19	18	1	1	0	F	0.6	600	37	1.184530038	0	0	0		f548	g548			Full Gut	P3	E2
f549	19	18	1	1	0	F	0.44	440	34	1.119478933	0	0	0		f549	g549			Full Gut	P3	F2
f550	19	25	1	1	0	M	0.4	400	34	1.017708121	0	0	0		f550	g550				P3	D11
f551	19	25	1	1	0	M	0.31	310	33	0.862620697	0	0	0		f551	g551				P3	E11
f552	19	25	1	1	0	M	0.5	500	38	0.911211547	0	0	0		f552	g552				P3	F11
f553	19	29	1	1	0	M	0.45	450	35	1.049562682	0	0	0		f553	g553				P5	A11
f554	19	29	1	1	0	M	0.38	380	34	0.966822715	0	0	0		f554	g554				P5	B11
f555	19	29	1	1	0	F	0.41	410	34	1.043150824	0	0	0		f555	g555				P5	C11
f556	19	60	1	1	0	F	0.69	690	38	1.257471935	0	0	0		f556	g556				P5	B1
f557	19	60	1	1	0	F	0.56	560	36	1.200274348	0	0	0		f557	g557				P5	C1
f558	19	60	1	1	0	M	0.49	490	35	1.142857143	0	0	0		f558	g558				P5	D1
f559	19	60	1	1	0	F	0.75	750	39	1.264350377	0	0	0		f559	g559				P5	E1
f560	19	60	1	1	0	F	0.8	800	49	0.67998878	0	0	0		f560	g560				P5	F1
f561	19	60	1	1	0	F	0.68	680	38	1.239247704	0	0	0		f561	g561				P7	D3
f562	19	60	1	1	0	F	0.55	550	37	1.085819201	0	0	0		f562	g562				P7	E3
f571	20	0	1	1	0	F	0.65	650	36	1.393175583	0	0	0		f571	g571				P1	C8
f572	20	0	1	1	0		0.35	350	32	1.068115234	0	0	0	"Fecal sample, weight, no gut sample"	f572	g572				P1	D8
f573	20	0	1	1	0	M	0.45	450	32	1.373291016	0	0	0		f573	g573				P1	E8
f574	20	14	1	1	0	F	0.55	550	35	1.282798834	0	0	0		f574	g574				P2	E5
f575	20	14	1	1	0	F	0.38	380	35	0.886297376	0	0	0		f575	g575			Not a lot of food	P2	F5
f576	20	14	1	1	0	M	0.38	380	35	0.886297376	0	0	0		f576	g576				P2	G5
f577	20	18	1	1	0	F	0.72	720	40	1.125	0	0	0		f577	g577				P3	G2
f578	20	18	1	1	0	F	0.6	600	37	1.184530038	0	0	0		f578	g578			Full Gut	P3	H2
f579	20	18	1	1	0	M	0.3	300	32	0.915527344	0	0	0		f579	g579				P3	A3
f580	20	25	1	1	0	M	0.33	330	33	0.918273646	0	0	0		f580	g580				P3	G11
f581	20	25	1	1	0	M	0.38	380	33	1.057406016	0	0	0		f581	g581				P3	H11
f582	20	25	1	1	0	F	0.48	480	37	0.94762403	0	0	0		f582	g582				P3	A12
f583	20	29	1	1	0	F	0.48	480	36	1.028806584	0	0	0		f583	g583				P5	D11
f584	20	29	1	1	0	F	0.44	440	35	1.026239067	0	0	0		f584	g584				P5	E11
f585	20	29	1	1	0	M	0.35	350	34	0.890494606	0	0	0		f585	g585				P5	F11
f586	20	60	1	1	0	F	0.6	600	35	1.39941691	0	0	0		f586	g586				P5	G1
f601	21	0	1	1	0	F	0.33	330	32	1.007080078	0	0	0		f601	g601				P1	F8
f602	21	0	1	1	0	F	0.5	500	34	1.272135152	0	0	0		f602	g602				P1	G8
f603	21	0	1	1	0	F	0.61	610	36	1.307441701	0	0	0		f603	g603				P1	H8
f604	21	14	1	1	0	F	0.28	280	34	0.712395685	0	0	0		f604	g604				P2	H5
f605	21	14	1	1	0	F	0.45	450	34	1.144921636	0	0	0		f605	g605				P2	A6
f606	21	14	1	1	0	F	0.39	390	33	1.08523249	0	0	0		f606	g606				P2	B6
f607	21	18	1	1	0	F	0.55	550	40	0.859375	0	0	0		f607	g607				P3	B3
f608	21	18	1	1	0	F	0.4	400	38	0.728969237	0	0	0		f608	g608			Full Gut	P3	C3
f609	21	18	1	1	0	F	0.42	420	40	0.65625	0	0	0		f609	g609			Full Gut	P3	D3
f610	21	25	1	1	0	F	0.42	420	33	1.168711913	0	0	0		f610	g610			Full of food	P3	B12
f611	21	25	1	1	0	M	0.48	480	37	0.94762403	0	0	0		f611	g611				P3	C12
f612	21	25	1	1	0	M	0.35	350	35	0.816326531	0	0	0		f612	g612				P3	D12
f613	21	29	1	1	0	M	0.37	370	35	0.862973761	0	0	0		f613	g613				P5	G11
f614	21	29	1	1	0	F	0.5	500	35	1.166180758	0	0	0		f614	g614			Full Gut	P5	H11
f615	21	29	1	1	0	M	0.47	470	37	0.927881863	0	0	0		f615	g615				P5	A12
f616	21	60	1	1	0	F	0.55	550	35	1.282798834	0	0	0		f616	g616				P5	H1
f617	21	60	1	1	0	F	0.63	630	37	1.24375654	0	0	0		f617	g617				P5	A2
f618	21	60	1	1	0	F	0.95	950	41	1.378389751	0	0	0		f618	g618				P5	B2
f619	21	60	1	1	0	M	0.43	430	34	1.09403623	0	0	0		f619	g619				P5	C2
f620	21	60	1	1	0	F	0.43	430	33	1.196538387	0	0	0		f620	g620				P5	D2
f621	21	60	1	1	0	F	0.49	490	33	1.363497231	0	0	0		f621	g621				P7	F3
f622	21	60	1	1	0	F	0.61	610	37	1.204272205	0	0	0		f622	g622				P7	G3
f631	22	0	1	1	1	F	0.38	380	32	1.159667969	0	0	0		f631	g631				P1	A9
f632	22	0	1	1	1	M	0.46	460	34	1.17036434	0	0	0		f632	g632				P1	B9
f633	22	0	1	1	1	M	0.36	360	32	1.098632813	0	0	0		f633	g633				P1	C9
f634	22	14	1	1	1	M	0.42	420	35	0.979591837	0	0	0		f634	g634			Not a lot of food	P2	C6
f635	22	14	1	1	1	F	0.51	510	33.5	1.356549842	0	0	0		f635	g635				P2	D6
f636	22	14	1	1	1	F	0.65	650	39	1.095770327	0	0	0		f636	g636				P2	E6
f637	22	18	1	1	1	F	0.26	260	28	1.184402332	0	0	0		f637	g637			Full Gut	P3	E3
f638	22	18	1	1	1	M	0.38	380	34	0.966822715	0	0	0		f638	g638			1/2 Full gut	P3	F3
f639	22	18	1	1	1	M	0.42	420	34	1.068593527	0	0	0		f639	g639			Full Gut	P3	G3
f640	22	25	1	1	1	M	0.37	370	34	0.941380012	0	0	0		f640	g640			Full of food	P3	E12
f641	22	25	1	1	1	F	0.39	390	34	0.992265418	0	0	0		f641	g641				P3	F12
f642	22	25	1	1	1	M	0.37	370	34	0.941380012	0	0	0		f642	g642			Full of food	P3	G12
f643	22	29	1	1	1	M	0.47	470	35	1.096209913	0	0	0		f643	g643				P5	B12
f644	22	29	1	1	1	F	0.37	370	33	1.029579542	0	0	0		f644	g644			Minimal Gut Material	P5	C12
f645	22	29	1	1	1	F	0.33	330	32	1.007080078	0	0	0		f645	g645				P5	D12
f646	22	60	1	1	1	M	0.36	360	34	0.915937309	0	0	0		f646	g646				P5	E2
f647	22	60	1	1	1	F	0.61	610	35	1.422740525	0	0	0		f647	g647				P5	F2
f648	22	60	1	1	1	M	0.33	330	34	0.8396092	0	0	0		f648	g648				P5	G2
f649	22	60	1	1	1	F	0.62	620	38	1.129902318	0	0	0		f649	g649				P5	H2
f650	22	60	1	1	1	M	0.46	460	31	1.544090497	0	0	0		f650	g650				P5	A3
f651	22	60	1	1	1	F	0.69	690	38	1.257471935	0	2	0		f651	g651	2	0	2 Worms	P7	H3
f652	22	60	1	1	1	M	0.29	290	36	0.621570645	0	2	0		f652	g652	2	0	2 Worms	P7	A4
f653	22	60	1	1	1	F	0.39	390	34	0.992265418	0	5	0		f653	g653	5	0	5 Worms	P7	B4
f654	22	60	1	1	1	F	0.42	420	34	1.068593527	0	1	0		f654	g654	1	0	1 Worm	P7	C4
f655	22	60	1	1	1	F	0.48	480	36	1.028806584	0	3	0		f655	g655	3	0	3 Worms	P7	D4
f656	22	60	1	1	1	F	0.62	620	38	1.129902318	0	0	0		f656	g656				P7	E4
f657	22	60	1	1	1	M	0.24	240	31	0.805612433	0	2	0		f657	g657	2	0	2 Worms	P7	F4
f658	22	60	1	1	1	M	0.33	330	34	0.8396092	0	7	0		f658	g658	7	0	7 Worms	P7	G4
f661	23	0	1	1	1	M	0.36	360	35	0.839650146	0	0	0		f661	g661				P1	D9
f662	23	0	1	1	1	F	0.49	490	34	1.246692449	0	0	0		f662	g662				P1	E9
f663	23	0	1	1	1	F	0.43	430	34	1.09403623	0	0	0		f663	g663				P1	F9
f664	23	14	1	1	1	F	0.52	520	37	1.026592699	0	0	0	"Length: 34 Width: 0.46 (Mystery fish?),"	f664	g664				P2	F6
f665	23	14	1	1	1	F	0.68	680	32	2.075195313	0	0	0		f665	g665				P2	G6
f666	23	14	1	1	1	F	0.67	670	36	1.436042524	0	0	0		f666	g666				P2	H6
f667	23	18	1	1	1	F	0.52	520	35	1.212827988	0	0	0		f667	g667				P3	H3
f668	23	18	1	1	1	F	0.54	540	37	1.066077034	0	0	0		f668	g668			1/2 Full gut	P3	A4
f669	23	18	1	1	1	M	0.4	400	33	1.113058964	0	0	0		f669	g669			Full Gut	P3	B4
f670	23	25	1	1	1	M	0.36	360	34	0.915937309	0	0	0		f670	g670			Full of food	P4	B1
f671	23	25	1	1	1		0.33	330	33	0.918273646	0	0	0	"Fecal sample, weight, no gut sample"	f671	g671				P4	C1
f672	23	25	1	1	1	M		0		#DIV/0!	0	0	0	"Fecal sample, no weight, gut sample confirm"	f672	g672				P4	D1
f673	23	29	1	1	1	M	0.42	420	35	0.979591837	0	0	0		f673	g673				P5	E12
f674	23	29	1	1	1	F	0.4	400	34	1.017708121	0	0	0		f674	g674				P5	F12
f675	23	29	1	1	1	M	0.46	460	36	0.985939643	0	0	0		f675	g675				P5	G12
f676	23	60	1	1	1	F	0.53	530	67	0.176218484	0	0	0		f676	g676			Swapped w/ 679	P5	B3
f677	23	60	1	1	1	F	0.55	550	35	1.282798834	0	0	0		f677	g677				P5	C3
f678	23	60	1	1	1	F	0.64	640	39	1.078912322	0	0	0		f678	g678				P5	D3
f679	23	60	1	1	1	F	0.45	450	35	1.049562682	0	10	0		f679	g679	10	0	10 Worms	P5	E3
f680	23	60	1	1	1		0.51	510	33	1.419150179	0	0	0	"Fecal sample, weight, no gut sample"	f680	g680				P5	F3
f681	23	60	1	1	1	F	0.43	430	33	1.196538387	0	6	0		f681	g681	6	0	6 Worms	P7	H4
f682	23	60	1	1	1	F	0.44	440	37	0.868655361	0	5	0		f682	g682	5	0	5 Worms	P7	A5
f683	23	60	1	1	1	M	0.4	400	35	0.932944606	0	2	0		f683	g683	2	0	2 Worm	P7	B5
f691	24	0	1	1	1	F	0.28	280	30	1.037037037	0	0	0		f691	g691				P1	G9
f692	24	0	1	1	1		0.39	390	36	0.83590535	0	0	0	"Fecal sample, weight, no gut sample"	f692	g692				P1	H9
f693	24	0	1	1	1	F	0.51	510	36	1.093106996	0	0	0		f693	g693				P1	A10
f694	24	14	1	1	1	F	0.36	360	32	1.098632813	0	0	0		f694	g694			Not a lot of food	P2	A7
f695	24	14	1	1	1	F	0.31	310	30	1.148148148	0	0	0		f695	g695				P2	B7
f696	24	14	1	1	1	M	0.47	470	37	0.927881863	0	0	0		f696	g696			Not a lot of food	P2	C7
f697	24	18	1	1	1	F	0.55	550	31	1.84619516	0	0	0		f697	g697			Full Gut	P3	C4
f698	24	18	1	1	1	F	0.45	450	35	1.049562682	0	0	0		f698	g698			Full Gut	P3	D4
f699	24	18	1	1	1	M	0.58	580	37	1.145045703	0	0	0		f699	g699			Full Gut	P3	E4
f700	24	25	1	1	1	F	0.47	470	35	1.096209913	0	0	0		f700	g700				P4	E1
f701	24	25	1	1	1	M	0.47	470	37	0.927881863	0	0	0		f701	g701			Full of food	P4	F1
f702	24	25	1	1	1	M	0.4	400	35	0.932944606	0	0	0		f702	g702			Full of food	P4	G1
f703	24	29	1	1	1	M	0.38	380	35	0.886297376	0	0	0		f703	g703			Minimal Gut Material	P6	B1
f704	24	29	1	1	1	M	0.41	410	36	0.878772291	0	0	0		f704	g704			Minimal Gut Material	P6	C1
f705	24	29	1	1	1	F	0.53	530	37	1.046334867	0	0	0		f705	g705				P6	D1
f706	24	60	1	1	1	F	0.31	310	33	0.862620697	0	9	0		f706	g706	9	0	9 Worms	P5	G3
f707	24	60	1	1	1	M	0.43	430	35	1.002915452	0	6	0		f707	g707	6	0	6 Worms	P5	H3
f708	24	60	1	1	1	F	0.6	600	40	0.9375	0	1	0		f708	g708	1	0	1 Worm	P5	A4
f710	24	60	1	1	1	M	0.42	420	35	0.979591837	0	16	0		f710	g710	16	0	16 Worms	P5	B4
KitBlank1	NA	NA	NA	NA	NA	NA	NA	NA	NA	NA	NA	NA	NA	NA	NA	NA	NA	NA	NA	NA	NA
KitBlank2	NA	NA	NA	NA	NA	NA	NA	NA	NA	NA	NA	NA	NA	NA	NA	NA	NA	NA	NA	NA	NA
KitBlank3	NA	NA	NA	NA	NA	NA	NA	NA	NA	NA	NA	NA	NA	NA	NA	NA	NA	NA	NA	NA	NA
KitBlank4	NA	NA	NA	NA	NA	NA	NA	NA	NA	NA	NA	NA	NA	NA	NA	NA	NA	NA	NA	NA	NA
KitBlank5	NA	NA	NA	NA	NA	NA	NA	NA	NA	NA	NA	NA	NA	NA	NA	NA	NA	NA	NA	NA	NA
KitBlank6	NA	NA	NA	NA	NA	NA	NA	NA	NA	NA	NA	NA	NA	NA	NA	NA	NA	NA	NA	NA	NA
KitBlank7	NA	NA	NA	NA	NA	NA	NA	NA	NA	NA	NA	NA	NA	NA	NA	NA	NA	NA	NA	NA	NA
KitBlank8	NA	NA	NA	NA	NA	NA	NA	NA	NA	NA	NA	NA	NA	NA	NA	NA	NA	NA	NA	NA	NA
PCRblank1	NA	NA	NA	NA	NA	NA	NA	NA	NA	NA	NA	NA	NA	NA	NA	NA	NA	NA	NA	NA	NA
PCRblank2	NA	NA	NA	NA	NA	NA	NA	NA	NA	NA	NA	NA	NA	NA	NA	NA	NA	NA	NA	NA	NA
PCRblank3	NA	NA	NA	NA	NA	NA	NA	NA	NA	NA	NA	NA	NA	NA	NA	NA	NA	NA	NA	NA	NA
PCRblank4	NA	NA	NA	NA	NA	NA	NA	NA	NA	NA	NA	NA	NA	NA	NA	NA	NA	NA	NA	NA	NA
PCRblank5	NA	NA	NA	NA	NA	NA	NA	NA	NA	NA	NA	NA	NA	NA	NA	NA	NA	NA	NA	NA	NA
PCRblank6	NA	NA	NA	NA	NA	NA	NA	NA	NA	NA	NA	NA	NA	NA	NA	NA	NA	NA	NA	NA	NA
